iso_code,continent,location,date,total_cases,new_cases,new_cases_smoothed,total_deaths,new_deaths,new_deaths_smoothed,total_cases_per_million,new_cases_per_million,new_cases_smoothed_per_million,total_deaths_per_million,new_deaths_per_million,new_deaths_smoothed_per_million,stringency_index,population,population_density,median_age,aged_65_older,aged_70_older,gdp_per_capita,extreme_poverty,cardiovasc_death_rate,diabetes_prevalence,female_smokers,male_smokers
CHN,Asia,China,2019-12-31,27.0,27.0,0.0,0.0,0.0,10.145,0.019,0.019,0.021,0.0,0.0,0.007,79.17,1439323774.0,147.674,38.7,10.640999999999998,5.928999999999999,15308.712,0.7,261.899,9.74,1.9,48.4
CHN,Asia,China,2020-01-01,27.0,0.0,2.516,0.0,0.0,10.145,0.019,0.0,0.002,0.0,0.0,0.007,0.0,1439323774.0,147.674,38.7,10.640999999999998,5.928999999999999,15308.712,0.7,261.899,9.74,1.9,48.4
CHN,Asia,China,2020-01-02,27.0,0.0,2.516,0.0,0.0,10.145,0.019,0.0,0.002,0.0,0.0,0.007,0.0,1439323774.0,147.674,38.7,10.640999999999998,5.928999999999999,15308.712,0.7,261.899,9.74,1.9,48.4
CHN,Asia,China,2020-01-03,44.0,17.0,4.5,0.0,0.0,10.145,0.031,0.012,0.003,0.0,0.0,0.007,0.0,1439323774.0,147.674,38.7,10.640999999999998,5.928999999999999,15308.712,0.7,261.899,9.74,1.9,48.4
CHN,Asia,China,2020-01-04,44.0,0.0,2.516,0.0,0.0,10.145,0.031,0.0,0.002,0.0,0.0,0.007,0.0,1439323774.0,147.674,38.7,10.640999999999998,5.928999999999999,15308.712,0.7,261.899,9.74,1.9,48.4
CHN,Asia,China,2020-01-05,59.0,15.0,31.238,0.0,0.0,10.145,0.040999999999999995,0.01,0.024,0.0,0.0,0.007,2.78,1439323774.0,147.674,38.7,10.640999999999998,5.928999999999999,15308.712,0.7,261.899,9.74,1.9,48.4
CHN,Asia,China,2020-01-06,59.0,0.0,8.429,0.0,0.0,0.0,0.040999999999999995,0.0,0.006,0.0,0.0,0.0,2.78,1439323774.0,147.674,38.7,10.640999999999998,5.928999999999999,15308.712,0.7,261.899,9.74,1.9,48.4
CHN,Asia,China,2020-01-07,59.0,0.0,4.571000000000001,0.0,0.0,0.0,0.040999999999999995,0.0,0.003,0.0,0.0,0.0,2.78,1439323774.0,147.674,38.7,10.640999999999998,5.928999999999999,15308.712,0.7,261.899,9.74,1.9,48.4
CHN,Asia,China,2020-01-08,59.0,0.0,4.571000000000001,0.0,0.0,0.0,0.040999999999999995,0.0,0.003,0.0,0.0,0.0,2.78,1439323774.0,147.674,38.7,10.640999999999998,5.928999999999999,15308.712,0.7,261.899,9.74,1.9,48.4
CHN,Asia,China,2020-01-09,59.0,0.0,4.571000000000001,0.0,0.0,0.0,0.040999999999999995,0.0,0.003,0.0,0.0,0.0,2.78,1439323774.0,147.674,38.7,10.640999999999998,5.928999999999999,15308.712,0.7,261.899,9.74,1.9,48.4
CHN,Asia,China,2020-01-10,59.0,0.0,2.1430000000000002,0.0,0.0,0.0,0.040999999999999995,0.0,0.001,0.0,0.0,0.0,2.78,1439323774.0,147.674,38.7,10.640999999999998,5.928999999999999,15308.712,0.7,261.899,9.74,1.9,48.4
CHN,Asia,China,2020-01-11,59.0,0.0,2.1430000000000002,1.0,1.0,0.14300000000000002,0.040999999999999995,0.0,0.001,0.001,0.001,0.0,2.78,1439323774.0,147.674,38.7,10.640999999999998,5.928999999999999,15308.712,0.7,261.899,9.74,1.9,48.4
CHN,Asia,China,2020-01-12,59.0,0.0,0.0,1.0,0.0,0.14300000000000002,0.040999999999999995,0.0,0.0,0.001,0.0,0.0,2.78,1439323774.0,147.674,38.7,10.640999999999998,5.928999999999999,15308.712,0.7,261.899,9.74,1.9,48.4
CHN,Asia,China,2020-01-13,59.0,0.0,0.0,1.0,0.0,0.14300000000000002,0.040999999999999995,0.0,0.0,0.001,0.0,0.0,2.78,1439323774.0,147.674,38.7,10.640999999999998,5.928999999999999,15308.712,0.7,261.899,9.74,1.9,48.4
CHN,Asia,China,2020-01-14,59.0,0.0,0.0,1.0,0.0,0.14300000000000002,0.040999999999999995,0.0,0.0,0.001,0.0,0.0,2.78,1439323774.0,147.674,38.7,10.640999999999998,5.928999999999999,15308.712,0.7,261.899,9.74,1.9,48.4
CHN,Asia,China,2020-01-15,59.0,0.0,0.0,2.0,1.0,0.28600000000000003,0.040999999999999995,0.0,0.0,0.001,0.001,0.0,8.33,1439323774.0,147.674,38.7,10.640999999999998,5.928999999999999,15308.712,0.7,261.899,9.74,1.9,48.4
CHN,Asia,China,2020-01-16,59.0,0.0,0.0,2.0,0.0,0.28600000000000003,0.040999999999999995,0.0,0.0,0.001,0.0,0.0,8.33,1439323774.0,147.674,38.7,10.640999999999998,5.928999999999999,15308.712,0.7,261.899,9.74,1.9,48.4
CHN,Asia,China,2020-01-17,63.0,4.0,0.5710000000000001,2.0,0.0,0.28600000000000003,0.044000000000000004,0.003,0.0,0.001,0.0,0.0,8.33,1439323774.0,147.674,38.7,10.640999999999998,5.928999999999999,15308.712,0.7,261.899,9.74,1.9,48.4
CHN,Asia,China,2020-01-18,80.0,17.0,3.0,2.0,0.0,0.14300000000000002,0.055999999999999994,0.012,0.002,0.001,0.0,0.0,8.33,1439323774.0,147.674,38.7,10.640999999999998,5.928999999999999,15308.712,0.7,261.899,9.74,1.9,48.4
CHN,Asia,China,2020-01-19,216.0,136.0,22.429000000000002,3.0,1.0,0.28600000000000003,0.15,0.094,0.016,0.002,0.001,0.0,8.33,1439323774.0,147.674,38.7,10.640999999999998,5.928999999999999,15308.712,0.7,261.899,9.74,1.9,48.4
CHN,Asia,China,2020-01-20,235.0,19.0,25.143,3.0,0.0,0.28600000000000003,0.163,0.013000000000000001,0.017,0.002,0.0,0.0,8.33,1439323774.0,147.674,38.7,10.640999999999998,5.928999999999999,15308.712,0.7,261.899,9.74,1.9,48.4
CHN,Asia,China,2020-01-21,386.0,151.0,46.714,6.0,3.0,0.7140000000000001,0.268,0.105,0.032,0.004,0.002,0.0,8.33,1439323774.0,147.674,38.7,10.640999999999998,5.928999999999999,15308.712,0.7,261.899,9.74,1.9,48.4
CHN,Asia,China,2020-01-22,526.0,140.0,66.714,17.0,11.0,2.1430000000000002,0.365,0.09699999999999999,0.046,0.012,0.008,0.001,26.39,1439323774.0,147.674,38.7,10.640999999999998,5.928999999999999,15308.712,0.7,261.899,9.74,1.9,48.4
CHN,Asia,China,2020-01-23,623.0,97.0,80.571,17.0,0.0,2.1430000000000002,0.433,0.067,0.055999999999999994,0.012,0.0,0.001,44.91,1439323774.0,147.674,38.7,10.640999999999998,5.928999999999999,15308.712,0.7,261.899,9.74,1.9,48.4
CHN,Asia,China,2020-01-24,882.0,259.0,117.0,26.0,9.0,3.429,0.613,0.18,0.081,0.018000000000000002,0.006,0.002,44.91,1439323774.0,147.674,38.7,10.640999999999998,5.928999999999999,15308.712,0.7,261.899,9.74,1.9,48.4
CHN,Asia,China,2020-01-25,1323.0,441.0,177.571,41.0,15.0,5.571000000000001,0.919,0.306,0.12300000000000001,0.027999999999999997,0.01,0.004,47.69,1439323774.0,147.674,38.7,10.640999999999998,5.928999999999999,15308.712,0.7,261.899,9.74,1.9,48.4
CHN,Asia,China,2020-01-26,1988.0,665.0,253.143,56.0,15.0,7.571000000000001,1.381,0.462,0.17600000000000002,0.039,0.01,0.005,69.91,1439323774.0,147.674,38.7,10.640999999999998,5.928999999999999,15308.712,0.7,261.899,9.74,1.9,48.4
CHN,Asia,China,2020-01-27,2775.0,787.0,362.85699999999997,81.0,25.0,11.142999999999999,1.9280000000000002,0.547,0.252,0.055999999999999994,0.017,0.008,69.91,1439323774.0,147.674,38.7,10.640999999999998,5.928999999999999,15308.712,0.7,261.899,9.74,1.9,48.4
CHN,Asia,China,2020-01-28,4528.0,1753.0,591.714,106.0,25.0,14.286,3.1460000000000004,1.218,0.41100000000000003,0.07400000000000001,0.017,0.01,69.91,1439323774.0,147.674,38.7,10.640999999999998,5.928999999999999,15308.712,0.7,261.899,9.74,1.9,48.4
CHN,Asia,China,2020-01-29,5994.0,1466.0,781.143,132.0,26.0,16.429000000000002,4.164,1.0190000000000001,0.5429999999999999,0.092,0.018000000000000002,0.011000000000000001,69.91,1439323774.0,147.674,38.7,10.640999999999998,5.928999999999999,15308.712,0.7,261.899,9.74,1.9,48.4
CHN,Asia,China,2020-01-30,7734.0,1740.0,1015.857,170.0,38.0,21.857,5.372999999999999,1.209,0.706,0.11800000000000001,0.026000000000000002,0.015,69.91,1439323774.0,147.674,38.7,10.640999999999998,5.928999999999999,15308.712,0.7,261.899,9.74,1.9,48.4
CHN,Asia,China,2020-01-31,9714.0,1980.0,1261.714,213.0,43.0,26.714000000000002,6.749,1.376,0.877,0.14800000000000002,0.03,0.019,69.91,1439323774.0,147.674,38.7,10.640999999999998,5.928999999999999,15308.712,0.7,261.899,9.74,1.9,48.4
CHN,Asia,China,2020-02-01,11809.0,2095.0,1498.0,259.0,46.0,31.143,8.205,1.456,1.041,0.18,0.032,0.022000000000000002,77.31,1439323774.0,147.674,38.7,10.640999999999998,5.928999999999999,15308.712,0.7,261.899,9.74,1.9,48.4
CHN,Asia,China,2020-02-02,14399.0,2590.0,1773.0,304.0,45.0,35.429,10.004,1.7990000000000002,1.232,0.21100000000000002,0.031,0.025,77.31,1439323774.0,147.674,38.7,10.640999999999998,5.928999999999999,15308.712,0.7,261.899,9.74,1.9,48.4
CHN,Asia,China,2020-02-03,17211.0,2812.0,2062.286,361.0,57.0,40.0,11.958,1.954,1.433,0.251,0.04,0.027999999999999997,77.31,1439323774.0,147.674,38.7,10.640999999999998,5.928999999999999,15308.712,0.7,261.899,9.74,1.9,48.4
CHN,Asia,China,2020-02-04,20448.0,3237.0,2274.286,426.0,65.0,45.714,14.207,2.249,1.58,0.29600000000000004,0.045,0.032,77.31,1439323774.0,147.674,38.7,10.640999999999998,5.928999999999999,15308.712,0.7,261.899,9.74,1.9,48.4
CHN,Asia,China,2020-02-05,24320.0,3872.0,2618.0,492.0,66.0,51.428999999999995,16.897000000000002,2.69,1.819,0.342,0.046,0.036000000000000004,77.31,1439323774.0,147.674,38.7,10.640999999999998,5.928999999999999,15308.712,0.7,261.899,9.74,1.9,48.4
CHN,Asia,China,2020-02-06,28047.0,3727.0,2901.857,564.0,72.0,56.286,19.486,2.589,2.016,0.392,0.05,0.039,77.31,1439323774.0,147.674,38.7,10.640999999999998,5.928999999999999,15308.712,0.7,261.899,9.74,1.9,48.4
CHN,Asia,China,2020-02-07,31207.0,3160.0,3070.429,637.0,73.0,60.571000000000005,21.682,2.195,2.133,0.44299999999999995,0.051,0.042,77.31,1439323774.0,147.674,38.7,10.640999999999998,5.928999999999999,15308.712,0.7,261.899,9.74,1.9,48.4
CHN,Asia,China,2020-02-08,34625.0,3418.0,3259.429,723.0,86.0,66.286,24.055999999999997,2.375,2.265,0.502,0.06,0.046,77.31,1439323774.0,147.674,38.7,10.640999999999998,5.928999999999999,15308.712,0.7,261.899,9.74,1.9,48.4
CHN,Asia,China,2020-02-09,37232.0,2607.0,3261.857,812.0,89.0,72.571,25.868000000000002,1.811,2.266,0.564,0.062,0.05,77.31,1439323774.0,147.674,38.7,10.640999999999998,5.928999999999999,15308.712,0.7,261.899,9.74,1.9,48.4
CHN,Asia,China,2020-02-10,40206.0,2974.0,3285.0,909.0,97.0,78.286,27.934,2.066,2.282,0.632,0.067,0.054000000000000006,75.46,1439323774.0,147.674,38.7,10.640999999999998,5.928999999999999,15308.712,0.7,261.899,9.74,1.9,48.4
CHN,Asia,China,2020-02-11,42696.0,2490.0,3178.2859999999996,1017.0,108.0,84.429,29.664,1.73,2.208,0.7070000000000001,0.075,0.059000000000000004,75.46,1439323774.0,147.674,38.7,10.640999999999998,5.928999999999999,15308.712,0.7,261.899,9.74,1.9,48.4
CHN,Asia,China,2020-02-12,44724.0,2028.0,2914.857,1114.0,97.0,88.85700000000001,31.073,1.409,2.025,0.774,0.067,0.062,75.46,1439323774.0,147.674,38.7,10.640999999999998,5.928999999999999,15308.712,0.7,261.899,9.74,1.9,48.4
CHN,Asia,China,2020-02-13,59865.0,15141.0,4545.429,1368.0,254.0,114.85700000000001,41.592,10.52,3.158,0.95,0.17600000000000002,0.08,75.46,1439323774.0,147.674,38.7,10.640999999999998,5.928999999999999,15308.712,0.7,261.899,9.74,1.9,48.4
CHN,Asia,China,2020-02-14,64021.0,4156.0,4687.714,1381.0,13.0,106.286,44.48,2.887,3.2569999999999997,0.9590000000000001,0.009000000000000001,0.07400000000000001,75.46,1439323774.0,147.674,38.7,10.640999999999998,5.928999999999999,15308.712,0.7,261.899,9.74,1.9,48.4
CHN,Asia,China,2020-02-15,66559.0,2538.0,4562.0,1524.0,143.0,114.429,46.243,1.7630000000000001,3.17,1.0590000000000002,0.099,0.08,75.46,1439323774.0,147.674,38.7,10.640999999999998,5.928999999999999,15308.712,0.7,261.899,9.74,1.9,48.4
CHN,Asia,China,2020-02-16,68566.0,2007.0,4476.286,1666.0,142.0,122.0,47.638000000000005,1.3940000000000001,3.11,1.157,0.099,0.085,75.46,1439323774.0,147.674,38.7,10.640999999999998,5.928999999999999,15308.712,0.7,261.899,9.74,1.9,48.4
CHN,Asia,China,2020-02-17,70618.0,2052.0,4344.571,1771.0,105.0,123.14299999999999,49.063,1.426,3.0180000000000002,1.23,0.073,0.086,75.46,1439323774.0,147.674,38.7,10.640999999999998,5.928999999999999,15308.712,0.7,261.899,9.74,1.9,48.4
CHN,Asia,China,2020-02-18,72508.0,1890.0,4258.857,1869.0,98.0,121.714,50.376000000000005,1.3130000000000002,2.9589999999999996,1.2990000000000002,0.068,0.085,75.46,1439323774.0,147.674,38.7,10.640999999999998,5.928999999999999,15308.712,0.7,261.899,9.74,1.9,48.4
CHN,Asia,China,2020-02-19,74258.0,1750.0,4219.143,2008.0,139.0,127.714,51.592,1.216,2.931,1.395,0.09699999999999999,0.08900000000000001,75.46,1439323774.0,147.674,38.7,10.640999999999998,5.928999999999999,15308.712,0.7,261.899,9.74,1.9,48.4
CHN,Asia,China,2020-02-20,74652.0,394.0,2112.429,2120.0,112.0,107.429,51.86600000000001,0.27399999999999997,1.4680000000000002,1.473,0.078,0.075,75.46,1439323774.0,147.674,38.7,10.640999999999998,5.928999999999999,15308.712,0.7,261.899,9.74,1.9,48.4
CHN,Asia,China,2020-02-21,75543.0,891.0,1646.0,2238.0,118.0,122.429,52.485,0.619,1.1440000000000001,1.555,0.08199999999999999,0.085,75.46,1439323774.0,147.674,38.7,10.640999999999998,5.928999999999999,15308.712,0.7,261.899,9.74,1.9,48.4
CHN,Asia,China,2020-02-22,76369.0,826.0,1401.4289999999999,2347.0,109.0,117.571,53.059,0.574,0.9740000000000001,1.631,0.076,0.08199999999999999,75.46,1439323774.0,147.674,38.7,10.640999999999998,5.928999999999999,15308.712,0.7,261.899,9.74,1.9,48.4
CHN,Asia,China,2020-02-23,77016.0,647.0,1207.143,2445.0,98.0,111.286,53.508,0.45,0.8390000000000001,1.699,0.068,0.077,75.46,1439323774.0,147.674,38.7,10.640999999999998,5.928999999999999,15308.712,0.7,261.899,9.74,1.9,48.4
CHN,Asia,China,2020-02-24,77234.0,218.0,945.143,2595.0,150.0,117.714,53.66,0.151,0.657,1.8030000000000002,0.10400000000000001,0.08199999999999999,75.46,1439323774.0,147.674,38.7,10.640999999999998,5.928999999999999,15308.712,0.7,261.899,9.74,1.9,48.4
CHN,Asia,China,2020-02-25,77749.0,515.0,748.7139999999999,2665.0,70.0,113.714,54.018,0.358,0.52,1.8519999999999999,0.049,0.079,81.02,1439323774.0,147.674,38.7,10.640999999999998,5.928999999999999,15308.712,0.7,261.899,9.74,1.9,48.4
CHN,Asia,China,2020-02-26,78159.0,410.0,557.286,2717.0,52.0,101.286,54.303000000000004,0.285,0.387,1.8880000000000001,0.036000000000000004,0.07,81.02,1439323774.0,147.674,38.7,10.640999999999998,5.928999999999999,15308.712,0.7,261.899,9.74,1.9,48.4
CHN,Asia,China,2020-02-27,78598.0,439.0,563.714,2746.0,29.0,89.429,54.608000000000004,0.305,0.392,1.9080000000000001,0.02,0.062,81.02,1439323774.0,147.674,38.7,10.640999999999998,5.928999999999999,15308.712,0.7,261.899,9.74,1.9,48.4
CHN,Asia,China,2020-02-28,78927.0,329.0,483.42900000000003,2790.0,44.0,78.857,54.836000000000006,0.22899999999999998,0.336,1.9380000000000002,0.031,0.055,81.02,1439323774.0,147.674,38.7,10.640999999999998,5.928999999999999,15308.712,0.7,261.899,9.74,1.9,48.4
CHN,Asia,China,2020-02-29,79355.0,428.0,426.57099999999997,2837.0,47.0,70.0,55.13399999999999,0.297,0.29600000000000004,1.9709999999999999,0.033,0.049,81.02,1439323774.0,147.674,38.7,10.640999999999998,5.928999999999999,15308.712,0.7,261.899,9.74,1.9,48.4
CHN,Asia,China,2020-03-01,79929.0,574.0,416.14300000000003,2872.0,35.0,61.0,55.532,0.39899999999999997,0.289,1.995,0.024,0.042,81.02,1439323774.0,147.674,38.7,10.640999999999998,5.928999999999999,15308.712,0.7,261.899,9.74,1.9,48.4
CHN,Asia,China,2020-03-02,80134.0,205.0,414.286,2914.0,42.0,45.571000000000005,55.675,0.142,0.28800000000000003,2.025,0.028999999999999998,0.032,81.02,1439323774.0,147.674,38.7,10.640999999999998,5.928999999999999,15308.712,0.7,261.899,9.74,1.9,48.4
CHN,Asia,China,2020-03-03,80261.0,127.0,358.85699999999997,2946.0,32.0,40.143,55.763000000000005,0.08800000000000001,0.249,2.0469999999999997,0.022000000000000002,0.027999999999999997,81.02,1439323774.0,147.674,38.7,10.640999999999998,5.928999999999999,15308.712,0.7,261.899,9.74,1.9,48.4
CHN,Asia,China,2020-03-04,80380.0,119.0,317.286,2983.0,37.0,38.0,55.846000000000004,0.083,0.22,2.073,0.026000000000000002,0.026000000000000002,81.02,1439323774.0,147.674,38.7,10.640999999999998,5.928999999999999,15308.712,0.7,261.899,9.74,1.9,48.4
CHN,Asia,China,2020-03-05,80497.0,117.0,271.286,3014.0,31.0,38.286,55.927,0.081,0.188,2.094,0.022000000000000002,0.027000000000000003,81.02,1439323774.0,147.674,38.7,10.640999999999998,5.928999999999999,15308.712,0.7,261.899,9.74,1.9,48.4
CHN,Asia,China,2020-03-06,80667.0,170.0,248.571,3044.0,30.0,36.286,56.045,0.11800000000000001,0.17300000000000001,2.115,0.021,0.025,81.02,1439323774.0,147.674,38.7,10.640999999999998,5.928999999999999,15308.712,0.7,261.899,9.74,1.9,48.4
CHN,Asia,China,2020-03-07,80768.0,101.0,201.857,3072.0,28.0,33.571,56.115,0.07,0.14,2.134,0.019,0.023,81.02,1439323774.0,147.674,38.7,10.640999999999998,5.928999999999999,15308.712,0.7,261.899,9.74,1.9,48.4
CHN,Asia,China,2020-03-08,80814.0,46.0,126.429,3099.0,27.0,32.429,56.147,0.032,0.08800000000000001,2.153,0.019,0.023,81.02,1439323774.0,147.674,38.7,10.640999999999998,5.928999999999999,15308.712,0.7,261.899,9.74,1.9,48.4
CHN,Asia,China,2020-03-09,80859.0,45.0,103.571,3122.0,23.0,29.714000000000002,56.178000000000004,0.031,0.07200000000000001,2.169,0.016,0.021,81.02,1439323774.0,147.674,38.7,10.640999999999998,5.928999999999999,15308.712,0.7,261.899,9.74,1.9,48.4
CHN,Asia,China,2020-03-10,80879.0,20.0,88.286,3139.0,17.0,27.570999999999998,56.192,0.013999999999999999,0.061,2.181,0.012,0.019,81.02,1439323774.0,147.674,38.7,10.640999999999998,5.928999999999999,15308.712,0.7,261.899,9.74,1.9,48.4
CHN,Asia,China,2020-03-11,80908.0,29.0,75.429,3161.0,22.0,25.429000000000002,56.213,0.02,0.052000000000000005,2.1959999999999997,0.015,0.018000000000000002,81.02,1439323774.0,147.674,38.7,10.640999999999998,5.928999999999999,15308.712,0.7,261.899,9.74,1.9,48.4
CHN,Asia,China,2020-03-12,80932.0,24.0,62.143,3172.0,11.0,22.570999999999998,56.229,0.017,0.043,2.204,0.008,0.016,81.02,1439323774.0,147.674,38.7,10.640999999999998,5.928999999999999,15308.712,0.7,261.899,9.74,1.9,48.4
CHN,Asia,China,2020-03-13,80954.0,22.0,41.0,3179.0,7.0,19.285999999999998,56.244,0.015,0.027999999999999997,2.209,0.005,0.013000000000000001,81.02,1439323774.0,147.674,38.7,10.640999999999998,5.928999999999999,15308.712,0.7,261.899,9.74,1.9,48.4
CHN,Asia,China,2020-03-14,80973.0,19.0,29.285999999999998,3194.0,15.0,17.429000000000002,56.258,0.013000000000000001,0.02,2.219,0.01,0.012,81.02,1439323774.0,147.674,38.7,10.640999999999998,5.928999999999999,15308.712,0.7,261.899,9.74,1.9,48.4
CHN,Asia,China,2020-03-15,80995.0,22.0,25.857,3203.0,9.0,14.857000000000001,56.273,0.015,0.018000000000000002,2.225,0.006,0.01,81.02,1439323774.0,147.674,38.7,10.640999999999998,5.928999999999999,15308.712,0.7,261.899,9.74,1.9,48.4
CHN,Asia,China,2020-03-16,81020.0,25.0,23.0,3216.0,13.0,13.429,56.29,0.017,0.016,2.234,0.009000000000000001,0.009000000000000001,79.17,1439323774.0,147.674,38.7,10.640999999999998,5.928999999999999,15308.712,0.7,261.899,9.74,1.9,48.4
CHN,Asia,China,2020-03-17,81063.0,43.0,26.285999999999998,3225.0,9.0,12.286,56.32,0.03,0.018000000000000002,2.241,0.006,0.009000000000000001,79.17,1439323774.0,147.674,38.7,10.640999999999998,5.928999999999999,15308.712,0.7,261.899,9.74,1.9,48.4
CHN,Asia,China,2020-03-18,81086.0,23.0,25.429000000000002,3241.0,16.0,11.429,56.336000000000006,0.016,0.018000000000000002,2.252,0.011000000000000001,0.008,79.17,1439323774.0,147.674,38.7,10.640999999999998,5.928999999999999,15308.712,0.7,261.899,9.74,1.9,48.4
CHN,Asia,China,2020-03-19,81130.0,44.0,28.285999999999998,3249.0,8.0,11.0,56.367,0.031,0.02,2.2569999999999997,0.006,0.008,79.17,1439323774.0,147.674,38.7,10.640999999999998,5.928999999999999,15308.712,0.7,261.899,9.74,1.9,48.4
CHN,Asia,China,2020-03-20,81229.0,99.0,39.286,3253.0,4.0,10.571,56.43600000000001,0.069,0.027000000000000003,2.26,0.003,0.006999999999999999,79.17,1439323774.0,147.674,38.7,10.640999999999998,5.928999999999999,15308.712,0.7,261.899,9.74,1.9,48.4
CHN,Asia,China,2020-03-21,81281.0,52.0,44.0,3259.0,6.0,9.286,56.472,0.036000000000000004,0.031,2.2640000000000002,0.004,0.006,79.17,1439323774.0,147.674,38.7,10.640999999999998,5.928999999999999,15308.712,0.7,261.899,9.74,1.9,48.4
CHN,Asia,China,2020-03-22,81346.0,65.0,50.143,3265.0,6.0,8.857000000000001,56.516999999999996,0.045,0.035,2.2680000000000002,0.004,0.006,79.17,1439323774.0,147.674,38.7,10.640999999999998,5.928999999999999,15308.712,0.7,261.899,9.74,1.9,48.4
CHN,Asia,China,2020-03-23,81484.0,138.0,66.286,3274.0,9.0,8.286,56.613,0.096,0.046,2.275,0.006,0.006,79.17,1439323774.0,147.674,38.7,10.640999999999998,5.928999999999999,15308.712,0.7,261.899,9.74,1.9,48.4
CHN,Asia,China,2020-03-24,81553.0,69.0,70.0,3281.0,7.0,8.0,56.661,0.048,0.049,2.28,0.005,0.006,79.17,1439323774.0,147.674,38.7,10.640999999999998,5.928999999999999,15308.712,0.7,261.899,9.74,1.9,48.4
CHN,Asia,China,2020-03-25,81631.0,78.0,77.857,3285.0,4.0,6.2860000000000005,56.715,0.054000000000000006,0.054000000000000006,2.282,0.003,0.004,79.17,1439323774.0,147.674,38.7,10.640999999999998,5.928999999999999,15308.712,0.7,261.899,9.74,1.9,48.4
CHN,Asia,China,2020-03-26,81733.0,102.0,86.14299999999999,3291.0,6.0,6.0,56.786,0.071,0.06,2.286,0.004,0.004,81.94,1439323774.0,147.674,38.7,10.640999999999998,5.928999999999999,15308.712,0.7,261.899,9.74,1.9,48.4
CHN,Asia,China,2020-03-27,81827.0,94.0,85.429,3296.0,5.0,6.143,56.851000000000006,0.065,0.059000000000000004,2.29,0.003,0.004,81.94,1439323774.0,147.674,38.7,10.640999999999998,5.928999999999999,15308.712,0.7,261.899,9.74,1.9,48.4
CHN,Asia,China,2020-03-28,81946.0,119.0,95.0,3299.0,3.0,5.7139999999999995,56.934,0.083,0.066,2.292,0.002,0.004,73.61,1439323774.0,147.674,38.7,10.640999999999998,5.928999999999999,15308.712,0.7,261.899,9.74,1.9,48.4
CHN,Asia,China,2020-03-29,82059.0,113.0,101.85700000000001,3304.0,5.0,5.571000000000001,57.012,0.079,0.071,2.296,0.003,0.004,73.61,1439323774.0,147.674,38.7,10.640999999999998,5.928999999999999,15308.712,0.7,261.899,9.74,1.9,48.4
CHN,Asia,China,2020-03-30,82157.0,98.0,96.14299999999999,3306.0,2.0,4.571000000000001,57.08,0.068,0.067,2.2969999999999997,0.001,0.003,73.61,1439323774.0,147.674,38.7,10.640999999999998,5.928999999999999,15308.712,0.7,261.899,9.74,1.9,48.4
CHN,Asia,China,2020-03-31,82241.0,84.0,98.286,3309.0,3.0,4.0,57.138999999999996,0.057999999999999996,0.068,2.299,0.002,0.003,73.61,1439323774.0,147.674,38.7,10.640999999999998,5.928999999999999,15308.712,0.7,261.899,9.74,1.9,48.4
CHN,Asia,China,2020-04-01,82295.0,54.0,94.85700000000001,3310.0,1.0,3.571,57.176,0.038,0.066,2.3,0.001,0.002,73.61,1439323774.0,147.674,38.7,10.640999999999998,5.928999999999999,15308.712,0.7,261.899,9.74,1.9,48.4
CHN,Asia,China,2020-04-02,82395.0,100.0,94.571,3316.0,6.0,3.571,57.246,0.069,0.066,2.3040000000000003,0.004,0.002,73.61,1439323774.0,147.674,38.7,10.640999999999998,5.928999999999999,15308.712,0.7,261.899,9.74,1.9,48.4
CHN,Asia,China,2020-04-03,82465.0,70.0,91.14299999999999,3326.0,10.0,4.2860000000000005,57.294,0.049,0.063,2.311,0.006999999999999999,0.003,69.91,1439323774.0,147.674,38.7,10.640999999999998,5.928999999999999,15308.712,0.7,261.899,9.74,1.9,48.4
CHN,Asia,China,2020-04-04,82527.0,62.0,83.0,3330.0,4.0,4.428999999999999,57.336999999999996,0.043,0.057999999999999996,2.314,0.003,0.003,69.91,1439323774.0,147.674,38.7,10.640999999999998,5.928999999999999,15308.712,0.7,261.899,9.74,1.9,48.4
CHN,Asia,China,2020-04-05,82575.0,48.0,73.714,3333.0,3.0,4.143,57.371,0.033,0.051,2.316,0.002,0.003,69.91,1439323774.0,147.674,38.7,10.640999999999998,5.928999999999999,15308.712,0.7,261.899,9.74,1.9,48.4
CHN,Asia,China,2020-04-06,82642.0,67.0,69.286,3335.0,2.0,4.143,57.417,0.047,0.048,2.3169999999999997,0.001,0.003,69.91,1439323774.0,147.674,38.7,10.640999999999998,5.928999999999999,15308.712,0.7,261.899,9.74,1.9,48.4
CHN,Asia,China,2020-04-07,82698.0,56.0,65.286,3335.0,0.0,3.714,57.456,0.039,0.045,2.3169999999999997,0.0,0.003,69.91,1439323774.0,147.674,38.7,10.640999999999998,5.928999999999999,15308.712,0.7,261.899,9.74,1.9,48.4
CHN,Asia,China,2020-04-08,82784.0,86.0,69.857,3337.0,2.0,3.8569999999999998,57.516000000000005,0.06,0.049,2.318,0.001,0.003,56.94,1439323774.0,147.674,38.7,10.640999999999998,5.928999999999999,15308.712,0.7,261.899,9.74,1.9,48.4
CHN,Asia,China,2020-04-09,82870.0,86.0,67.857,3339.0,2.0,3.286,57.576,0.06,0.047,2.32,0.001,0.002,56.94,1439323774.0,147.674,38.7,10.640999999999998,5.928999999999999,15308.712,0.7,261.899,9.74,1.9,48.4
CHN,Asia,China,2020-04-10,82925.0,55.0,65.714,3340.0,1.0,2.0,57.614,0.038,0.046,2.3209999999999997,0.001,0.001,56.94,1439323774.0,147.674,38.7,10.640999999999998,5.928999999999999,15308.712,0.7,261.899,9.74,1.9,48.4
CHN,Asia,China,2020-04-11,83004.0,79.0,68.143,3343.0,3.0,1.857,57.669,0.055,0.047,2.323,0.002,0.001,56.94,1439323774.0,147.674,38.7,10.640999999999998,5.928999999999999,15308.712,0.7,261.899,9.74,1.9,48.4
CHN,Asia,China,2020-04-12,83097.0,93.0,74.571,3343.0,0.0,1.429,57.733000000000004,0.065,0.052000000000000005,2.323,0.0,0.001,56.94,1439323774.0,147.674,38.7,10.640999999999998,5.928999999999999,15308.712,0.7,261.899,9.74,1.9,48.4
CHN,Asia,China,2020-04-13,83209.0,112.0,81.0,3345.0,2.0,1.429,57.81100000000001,0.078,0.055999999999999994,2.324,0.001,0.001,56.94,1439323774.0,147.674,38.7,10.640999999999998,5.928999999999999,15308.712,0.7,261.899,9.74,1.9,48.4
CHN,Asia,China,2020-04-14,83303.0,94.0,86.429,3345.0,0.0,1.429,57.876000000000005,0.065,0.06,2.324,0.0,0.001,56.94,1439323774.0,147.674,38.7,10.640999999999998,5.928999999999999,15308.712,0.7,261.899,9.74,1.9,48.4
CHN,Asia,China,2020-04-15,83352.0,49.0,81.143,3346.0,1.0,1.286,57.911,0.034,0.055999999999999994,2.325,0.001,0.001,56.94,1439323774.0,147.674,38.7,10.640999999999998,5.928999999999999,15308.712,0.7,261.899,9.74,1.9,48.4
CHN,Asia,China,2020-04-16,83402.0,50.0,76.0,3346.0,0.0,1.0,57.945,0.035,0.053,2.325,0.0,0.001,56.94,1439323774.0,147.674,38.7,10.640999999999998,5.928999999999999,15308.712,0.7,261.899,9.74,1.9,48.4
CHN,Asia,China,2020-04-17,83754.0,352.0,118.429,4636.0,1290.0,185.143,58.19,0.245,0.08199999999999999,3.221,0.8959999999999999,0.129,56.94,1439323774.0,147.674,38.7,10.640999999999998,5.928999999999999,15308.712,0.7,261.899,9.74,1.9,48.4
CHN,Asia,China,2020-04-18,83785.0,31.0,111.571,4636.0,0.0,184.71400000000003,58.211000000000006,0.022000000000000002,0.078,3.221,0.0,0.128,56.94,1439323774.0,147.674,38.7,10.640999999999998,5.928999999999999,15308.712,0.7,261.899,9.74,1.9,48.4
CHN,Asia,China,2020-04-19,83803.0,18.0,100.85700000000001,4636.0,0.0,184.71400000000003,58.224,0.013000000000000001,0.07,3.221,0.0,0.128,56.94,1439323774.0,147.674,38.7,10.640999999999998,5.928999999999999,15308.712,0.7,261.899,9.74,1.9,48.4
CHN,Asia,China,2020-04-20,83817.0,14.0,86.85700000000001,4636.0,0.0,184.429,58.233999999999995,0.01,0.06,3.221,0.0,0.128,56.94,1439323774.0,147.674,38.7,10.640999999999998,5.928999999999999,15308.712,0.7,261.899,9.74,1.9,48.4
CHN,Asia,China,2020-04-21,83849.0,32.0,78.0,4636.0,0.0,184.429,58.256,0.022000000000000002,0.054000000000000006,3.221,0.0,0.128,56.94,1439323774.0,147.674,38.7,10.640999999999998,5.928999999999999,15308.712,0.7,261.899,9.74,1.9,48.4
CHN,Asia,China,2020-04-22,83864.0,15.0,73.143,4636.0,0.0,184.28599999999997,58.266000000000005,0.01,0.051,3.221,0.0,0.128,56.94,1439323774.0,147.674,38.7,10.640999999999998,5.928999999999999,15308.712,0.7,261.899,9.74,1.9,48.4
CHN,Asia,China,2020-04-23,83876.0,12.0,67.714,4636.0,0.0,184.28599999999997,58.275,0.008,0.047,3.221,0.0,0.128,56.94,1439323774.0,147.674,38.7,10.640999999999998,5.928999999999999,15308.712,0.7,261.899,9.74,1.9,48.4
CHN,Asia,China,2020-04-24,83884.0,8.0,18.570999999999998,4636.0,0.0,0.0,58.28,0.006,0.013000000000000001,3.221,0.0,0.0,56.94,1439323774.0,147.674,38.7,10.640999999999998,5.928999999999999,15308.712,0.7,261.899,9.74,1.9,48.4
CHN,Asia,China,2020-04-25,83899.0,15.0,16.285999999999998,4636.0,0.0,0.0,58.291000000000004,0.01,0.011000000000000001,3.221,0.0,0.0,56.94,1439323774.0,147.674,38.7,10.640999999999998,5.928999999999999,15308.712,0.7,261.899,9.74,1.9,48.4
CHN,Asia,China,2020-04-26,83909.0,10.0,15.142999999999999,4636.0,0.0,0.0,58.298,0.006999999999999999,0.011000000000000001,3.221,0.0,0.0,56.94,1439323774.0,147.674,38.7,10.640999999999998,5.928999999999999,15308.712,0.7,261.899,9.74,1.9,48.4
CHN,Asia,China,2020-04-27,83912.0,3.0,13.571,4637.0,1.0,0.14300000000000002,58.3,0.002,0.009000000000000001,3.222,0.001,0.0,56.94,1439323774.0,147.674,38.7,10.640999999999998,5.928999999999999,15308.712,0.7,261.899,9.74,1.9,48.4
CHN,Asia,China,2020-04-28,83938.0,26.0,12.714,4637.0,0.0,0.14300000000000002,58.318000000000005,0.018000000000000002,0.009000000000000001,3.222,0.0,0.0,56.94,1439323774.0,147.674,38.7,10.640999999999998,5.928999999999999,15308.712,0.7,261.899,9.74,1.9,48.4
CHN,Asia,China,2020-04-29,83940.0,2.0,10.857000000000001,4637.0,0.0,0.14300000000000002,58.318999999999996,0.001,0.008,3.222,0.0,0.0,56.94,1439323774.0,147.674,38.7,10.640999999999998,5.928999999999999,15308.712,0.7,261.899,9.74,1.9,48.4
CHN,Asia,China,2020-04-30,83944.0,4.0,9.714,4637.0,0.0,0.14300000000000002,58.321999999999996,0.003,0.006999999999999999,3.222,0.0,0.0,56.94,1439323774.0,147.674,38.7,10.640999999999998,5.928999999999999,15308.712,0.7,261.899,9.74,1.9,48.4
CHN,Asia,China,2020-05-01,83956.0,12.0,10.286,4637.0,0.0,0.14300000000000002,58.33,0.008,0.006999999999999999,3.222,0.0,0.0,56.94,1439323774.0,147.674,38.7,10.640999999999998,5.928999999999999,15308.712,0.7,261.899,9.74,1.9,48.4
CHN,Asia,China,2020-05-02,83959.0,3.0,8.571,4637.0,0.0,0.14300000000000002,58.332,0.002,0.006,3.222,0.0,0.0,56.94,1439323774.0,147.674,38.7,10.640999999999998,5.928999999999999,15308.712,0.7,261.899,9.74,1.9,48.4
CHN,Asia,China,2020-05-03,83961.0,2.0,7.428999999999999,4637.0,0.0,0.14300000000000002,58.333999999999996,0.001,0.005,3.222,0.0,0.0,56.94,1439323774.0,147.674,38.7,10.640999999999998,5.928999999999999,15308.712,0.7,261.899,9.74,1.9,48.4
CHN,Asia,China,2020-05-04,83964.0,3.0,7.428999999999999,4637.0,0.0,0.0,58.336000000000006,0.002,0.005,3.222,0.0,0.0,56.94,1439323774.0,147.674,38.7,10.640999999999998,5.928999999999999,15308.712,0.7,261.899,9.74,1.9,48.4
CHN,Asia,China,2020-05-05,83966.0,2.0,4.0,4637.0,0.0,0.0,58.336999999999996,0.001,0.003,3.222,0.0,0.0,56.94,1439323774.0,147.674,38.7,10.640999999999998,5.928999999999999,15308.712,0.7,261.899,9.74,1.9,48.4
CHN,Asia,China,2020-05-06,83968.0,2.0,4.0,4637.0,0.0,0.0,58.339,0.001,0.003,3.222,0.0,0.0,56.94,1439323774.0,147.674,38.7,10.640999999999998,5.928999999999999,15308.712,0.7,261.899,9.74,1.9,48.4
CHN,Asia,China,2020-05-07,83970.0,2.0,3.714,4637.0,0.0,0.0,58.34,0.001,0.003,3.222,0.0,0.0,56.94,1439323774.0,147.674,38.7,10.640999999999998,5.928999999999999,15308.712,0.7,261.899,9.74,1.9,48.4
CHN,Asia,China,2020-05-08,83976.0,6.0,2.8569999999999998,4637.0,0.0,0.0,58.343999999999994,0.004,0.002,3.222,0.0,0.0,56.94,1439323774.0,147.674,38.7,10.640999999999998,5.928999999999999,15308.712,0.7,261.899,9.74,1.9,48.4
CHN,Asia,China,2020-05-09,83976.0,0.0,2.4290000000000003,4637.0,0.0,0.0,58.343999999999994,0.0,0.002,3.222,0.0,0.0,56.94,1439323774.0,147.674,38.7,10.640999999999998,5.928999999999999,15308.712,0.7,261.899,9.74,1.9,48.4
CHN,Asia,China,2020-05-10,83991.0,15.0,4.2860000000000005,4637.0,0.0,0.0,58.354,0.01,0.003,3.222,0.0,0.0,81.94,1439323774.0,147.674,38.7,10.640999999999998,5.928999999999999,15308.712,0.7,261.899,9.74,1.9,48.4
CHN,Asia,China,2020-05-11,84010.0,19.0,6.571000000000001,4637.0,0.0,0.0,58.368,0.013000000000000001,0.005,3.222,0.0,0.0,81.94,1439323774.0,147.674,38.7,10.640999999999998,5.928999999999999,15308.712,0.7,261.899,9.74,1.9,48.4
CHN,Asia,China,2020-05-12,84011.0,1.0,6.428999999999999,4637.0,0.0,0.0,58.368,0.001,0.004,3.222,0.0,0.0,81.94,1439323774.0,147.674,38.7,10.640999999999998,5.928999999999999,15308.712,0.7,261.899,9.74,1.9,48.4
CHN,Asia,China,2020-05-13,84018.0,7.0,7.143,4637.0,0.0,0.0,58.373000000000005,0.005,0.005,3.222,0.0,0.0,81.94,1439323774.0,147.674,38.7,10.640999999999998,5.928999999999999,15308.712,0.7,261.899,9.74,1.9,48.4
CHN,Asia,China,2020-05-14,84024.0,6.0,7.7139999999999995,4637.0,0.0,0.0,58.376999999999995,0.004,0.005,3.222,0.0,0.0,81.94,1439323774.0,147.674,38.7,10.640999999999998,5.928999999999999,15308.712,0.7,261.899,9.74,1.9,48.4
CHN,Asia,China,2020-05-15,84029.0,5.0,7.571000000000001,4637.0,0.0,0.0,58.381,0.003,0.005,3.222,0.0,0.0,81.94,1439323774.0,147.674,38.7,10.640999999999998,5.928999999999999,15308.712,0.7,261.899,9.74,1.9,48.4
CHN,Asia,China,2020-05-16,84038.0,9.0,8.857000000000001,4637.0,0.0,0.0,58.387,0.006,0.006,3.222,0.0,0.0,81.94,1439323774.0,147.674,38.7,10.640999999999998,5.928999999999999,15308.712,0.7,261.899,9.74,1.9,48.4
CHN,Asia,China,2020-05-17,84044.0,6.0,7.571000000000001,4638.0,1.0,0.14300000000000002,58.391000000000005,0.004,0.005,3.222,0.001,0.0,81.94,1439323774.0,147.674,38.7,10.640999999999998,5.928999999999999,15308.712,0.7,261.899,9.74,1.9,48.4
CHN,Asia,China,2020-05-18,84054.0,10.0,6.2860000000000005,4638.0,0.0,0.14300000000000002,58.398,0.006999999999999999,0.004,3.222,0.0,0.0,81.94,1439323774.0,147.674,38.7,10.640999999999998,5.928999999999999,15308.712,0.7,261.899,9.74,1.9,48.4
CHN,Asia,China,2020-05-19,84063.0,9.0,7.428999999999999,4638.0,0.0,0.14300000000000002,58.405,0.006,0.005,3.222,0.0,0.0,81.94,1439323774.0,147.674,38.7,10.640999999999998,5.928999999999999,15308.712,0.7,261.899,9.74,1.9,48.4
CHN,Asia,China,2020-05-20,84065.0,2.0,6.7139999999999995,4638.0,0.0,0.14300000000000002,58.406000000000006,0.001,0.005,3.222,0.0,0.0,81.94,1439323774.0,147.674,38.7,10.640999999999998,5.928999999999999,15308.712,0.7,261.899,9.74,1.9,48.4
CHN,Asia,China,2020-05-21,84067.0,2.0,6.143,4638.0,0.0,0.14300000000000002,58.407,0.001,0.004,3.222,0.0,0.0,81.94,1439323774.0,147.674,38.7,10.640999999999998,5.928999999999999,15308.712,0.7,261.899,9.74,1.9,48.4
CHN,Asia,China,2020-05-22,84079.0,12.0,7.143,4638.0,0.0,0.14300000000000002,58.416000000000004,0.008,0.005,3.222,0.0,0.0,81.94,1439323774.0,147.674,38.7,10.640999999999998,5.928999999999999,15308.712,0.7,261.899,9.74,1.9,48.4
CHN,Asia,China,2020-05-23,84081.0,2.0,6.143,4638.0,0.0,0.14300000000000002,58.417,0.001,0.004,3.222,0.0,0.0,81.94,1439323774.0,147.674,38.7,10.640999999999998,5.928999999999999,15308.712,0.7,261.899,9.74,1.9,48.4
CHN,Asia,China,2020-05-24,84084.0,3.0,5.7139999999999995,4638.0,0.0,0.0,58.419,0.002,0.004,3.222,0.0,0.0,81.94,1439323774.0,147.674,38.7,10.640999999999998,5.928999999999999,15308.712,0.7,261.899,9.74,1.9,48.4
CHN,Asia,China,2020-05-25,84095.0,11.0,5.857,4638.0,0.0,0.0,58.427,0.008,0.004,3.222,0.0,0.0,81.94,1439323774.0,147.674,38.7,10.640999999999998,5.928999999999999,15308.712,0.7,261.899,9.74,1.9,48.4
CHN,Asia,China,2020-05-26,84102.0,7.0,5.571000000000001,4638.0,0.0,0.0,58.431999999999995,0.005,0.004,3.222,0.0,0.0,81.94,1439323774.0,147.674,38.7,10.640999999999998,5.928999999999999,15308.712,0.7,261.899,9.74,1.9,48.4
CHN,Asia,China,2020-05-27,84103.0,1.0,5.428999999999999,4638.0,0.0,0.0,58.431999999999995,0.001,0.004,3.222,0.0,0.0,81.94,1439323774.0,147.674,38.7,10.640999999999998,5.928999999999999,15308.712,0.7,261.899,9.74,1.9,48.4
CHN,Asia,China,2020-05-28,84106.0,3.0,5.571000000000001,4638.0,0.0,0.0,58.434,0.002,0.004,3.222,0.0,0.0,81.94,1439323774.0,147.674,38.7,10.640999999999998,5.928999999999999,15308.712,0.7,261.899,9.74,1.9,48.4
CHN,Asia,China,2020-05-29,84106.0,0.0,3.8569999999999998,4638.0,0.0,0.0,58.434,0.0,0.003,3.222,0.0,0.0,81.94,1439323774.0,147.674,38.7,10.640999999999998,5.928999999999999,15308.712,0.7,261.899,9.74,1.9,48.4
CHN,Asia,China,2020-05-30,84123.0,17.0,6.0,4638.0,0.0,0.0,58.446000000000005,0.012,0.004,3.222,0.0,0.0,81.94,1439323774.0,147.674,38.7,10.640999999999998,5.928999999999999,15308.712,0.7,261.899,9.74,1.9,48.4
CHN,Asia,China,2020-05-31,84128.0,5.0,6.2860000000000005,4638.0,0.0,0.0,58.45,0.003,0.004,3.222,0.0,0.0,81.94,1439323774.0,147.674,38.7,10.640999999999998,5.928999999999999,15308.712,0.7,261.899,9.74,1.9,48.4
CHN,Asia,China,2020-06-01,84147.0,19.0,7.428999999999999,4638.0,0.0,0.0,58.463,0.013000000000000001,0.005,3.222,0.0,0.0,81.94,1439323774.0,147.674,38.7,10.640999999999998,5.928999999999999,15308.712,0.7,261.899,9.74,1.9,48.4
CHN,Asia,China,2020-06-02,84154.0,7.0,7.428999999999999,4638.0,0.0,0.0,58.468,0.005,0.005,3.222,0.0,0.0,81.94,1439323774.0,147.674,38.7,10.640999999999998,5.928999999999999,15308.712,0.7,261.899,9.74,1.9,48.4
CHN,Asia,China,2020-06-03,84159.0,5.0,8.0,4638.0,0.0,0.0,58.471000000000004,0.003,0.006,3.222,0.0,0.0,78.24,1439323774.0,147.674,38.7,10.640999999999998,5.928999999999999,15308.712,0.7,261.899,9.74,1.9,48.4
CHN,Asia,China,2020-06-04,84160.0,1.0,7.7139999999999995,4638.0,0.0,0.0,58.472,0.001,0.005,3.222,0.0,0.0,78.24,1439323774.0,147.674,38.7,10.640999999999998,5.928999999999999,15308.712,0.7,261.899,9.74,1.9,48.4
CHN,Asia,China,2020-06-05,84171.0,11.0,9.286,4638.0,0.0,0.0,58.48,0.008,0.006,3.222,0.0,0.0,78.24,1439323774.0,147.674,38.7,10.640999999999998,5.928999999999999,15308.712,0.7,261.899,9.74,1.9,48.4
CHN,Asia,China,2020-06-06,84177.0,6.0,7.7139999999999995,4638.0,0.0,0.0,58.483999999999995,0.004,0.005,3.222,0.0,0.0,78.24,1439323774.0,147.674,38.7,10.640999999999998,5.928999999999999,15308.712,0.7,261.899,9.74,1.9,48.4
CHN,Asia,China,2020-06-07,84186.0,9.0,8.286,4638.0,0.0,0.0,58.49,0.006,0.006,3.222,0.0,0.0,78.24,1439323774.0,147.674,38.7,10.640999999999998,5.928999999999999,15308.712,0.7,261.899,9.74,1.9,48.4
CHN,Asia,China,2020-06-08,84191.0,5.0,6.2860000000000005,4638.0,0.0,0.0,58.493,0.003,0.004,3.222,0.0,0.0,78.24,1439323774.0,147.674,38.7,10.640999999999998,5.928999999999999,15308.712,0.7,261.899,9.74,1.9,48.4
CHN,Asia,China,2020-06-09,84194.0,3.0,5.7139999999999995,4638.0,0.0,0.0,58.496,0.002,0.004,3.222,0.0,0.0,78.24,1439323774.0,147.674,38.7,10.640999999999998,5.928999999999999,15308.712,0.7,261.899,9.74,1.9,48.4
CHN,Asia,China,2020-06-10,84198.0,4.0,5.571000000000001,4638.0,0.0,0.0,58.498000000000005,0.003,0.004,3.222,0.0,0.0,78.24,1439323774.0,147.674,38.7,10.640999999999998,5.928999999999999,15308.712,0.7,261.899,9.74,1.9,48.4
CHN,Asia,China,2020-06-11,84209.0,11.0,7.0,4638.0,0.0,0.0,58.506,0.008,0.005,3.222,0.0,0.0,78.24,1439323774.0,147.674,38.7,10.640999999999998,5.928999999999999,15308.712,0.7,261.899,9.74,1.9,48.4
CHN,Asia,China,2020-06-12,84216.0,7.0,6.428999999999999,4638.0,0.0,0.0,58.511,0.005,0.004,3.222,0.0,0.0,78.24,1439323774.0,147.674,38.7,10.640999999999998,5.928999999999999,15308.712,0.7,261.899,9.74,1.9,48.4
CHN,Asia,China,2020-06-13,84228.0,12.0,7.2860000000000005,4638.0,0.0,0.0,58.519,0.008,0.005,3.222,0.0,0.0,78.24,1439323774.0,147.674,38.7,10.640999999999998,5.928999999999999,15308.712,0.7,261.899,9.74,1.9,48.4
CHN,Asia,China,2020-06-14,84288.0,60.0,14.571,4638.0,0.0,0.0,58.56100000000001,0.042,0.01,3.222,0.0,0.0,78.24,1439323774.0,147.674,38.7,10.640999999999998,5.928999999999999,15308.712,0.7,261.899,9.74,1.9,48.4
CHN,Asia,China,2020-06-15,84335.0,47.0,20.570999999999998,4638.0,0.0,0.0,58.593,0.033,0.013999999999999999,3.222,0.0,0.0,78.24,1439323774.0,147.674,38.7,10.640999999999998,5.928999999999999,15308.712,0.7,261.899,9.74,1.9,48.4
CHN,Asia,China,2020-06-16,84378.0,43.0,26.285999999999998,4638.0,0.0,0.0,58.623000000000005,0.03,0.018000000000000002,3.222,0.0,0.0,81.94,1439323774.0,147.674,38.7,10.640999999999998,5.928999999999999,15308.712,0.7,261.899,9.74,1.9,48.4
CHN,Asia,China,2020-06-17,84422.0,44.0,32.0,4638.0,0.0,0.0,58.653999999999996,0.031,0.022000000000000002,3.222,0.0,0.0,81.94,1439323774.0,147.674,38.7,10.640999999999998,5.928999999999999,15308.712,0.7,261.899,9.74,1.9,48.4
CHN,Asia,China,2020-06-18,84458.0,36.0,35.571,4638.0,0.0,0.0,58.678999999999995,0.025,0.025,3.222,0.0,0.0,81.94,1439323774.0,147.674,38.7,10.640999999999998,5.928999999999999,15308.712,0.7,261.899,9.74,1.9,48.4
CHN,Asia,China,2020-06-19,84494.0,36.0,39.714,4638.0,0.0,0.0,58.70399999999999,0.025,0.027999999999999997,3.222,0.0,0.0,81.94,1439323774.0,147.674,38.7,10.640999999999998,5.928999999999999,15308.712,0.7,261.899,9.74,1.9,48.4
CHN,Asia,China,2020-06-20,84524.0,30.0,42.286,4638.0,0.0,0.0,58.725,0.021,0.028999999999999998,3.222,0.0,0.0,81.94,1439323774.0,147.674,38.7,10.640999999999998,5.928999999999999,15308.712,0.7,261.899,9.74,1.9,48.4
CHN,Asia,China,2020-06-21,84553.0,29.0,37.857,4639.0,1.0,0.14300000000000002,58.745,0.02,0.026000000000000002,3.2230000000000003,0.001,0.0,81.94,1439323774.0,147.674,38.7,10.640999999999998,5.928999999999999,15308.712,0.7,261.899,9.74,1.9,48.4
CHN,Asia,China,2020-06-22,84572.0,19.0,33.857,4639.0,0.0,0.14300000000000002,58.758,0.013000000000000001,0.024,3.2230000000000003,0.0,0.0,81.94,1439323774.0,147.674,38.7,10.640999999999998,5.928999999999999,15308.712,0.7,261.899,9.74,1.9,48.4
CHN,Asia,China,2020-06-23,84624.0,52.0,35.143,4639.0,0.0,0.14300000000000002,58.794,0.036000000000000004,0.024,3.2230000000000003,0.0,0.0,81.94,1439323774.0,147.674,38.7,10.640999999999998,5.928999999999999,15308.712,0.7,261.899,9.74,1.9,48.4
CHN,Asia,China,2020-06-24,84653.0,29.0,33.0,4640.0,1.0,0.28600000000000003,58.81399999999999,0.02,0.023,3.2239999999999998,0.001,0.0,81.94,1439323774.0,147.674,38.7,10.640999999999998,5.928999999999999,15308.712,0.7,261.899,9.74,1.9,48.4
CHN,Asia,China,2020-06-25,84673.0,20.0,30.714000000000002,4640.0,0.0,0.28600000000000003,58.828,0.013999999999999999,0.021,3.2239999999999998,0.0,0.0,81.94,1439323774.0,147.674,38.7,10.640999999999998,5.928999999999999,15308.712,0.7,261.899,9.74,1.9,48.4
CHN,Asia,China,2020-06-26,84701.0,28.0,29.570999999999998,4641.0,1.0,0.429,58.848,0.019,0.021,3.2239999999999998,0.001,0.0,81.94,1439323774.0,147.674,38.7,10.640999999999998,5.928999999999999,15308.712,0.7,261.899,9.74,1.9,48.4
CHN,Asia,China,2020-06-27,84725.0,24.0,28.714000000000002,4641.0,0.0,0.429,58.864,0.017,0.02,3.2239999999999998,0.0,0.0,81.94,1439323774.0,147.674,38.7,10.640999999999998,5.928999999999999,15308.712,0.7,261.899,9.74,1.9,48.4
CHN,Asia,China,2020-06-28,84743.0,18.0,27.143,4641.0,0.0,0.28600000000000003,58.876999999999995,0.013000000000000001,0.019,3.2239999999999998,0.0,0.0,81.94,1439323774.0,147.674,38.7,10.640999999999998,5.928999999999999,15308.712,0.7,261.899,9.74,1.9,48.4
CHN,Asia,China,2020-06-29,84757.0,14.0,26.429000000000002,4641.0,0.0,0.28600000000000003,58.887,0.01,0.018000000000000002,3.2239999999999998,0.0,0.0,81.94,1439323774.0,147.674,38.7,10.640999999999998,5.928999999999999,15308.712,0.7,261.899,9.74,1.9,48.4
CHN,Asia,China,2020-06-30,84780.0,23.0,22.285999999999998,4641.0,0.0,0.28600000000000003,58.903,0.016,0.015,3.2239999999999998,0.0,0.0,81.94,1439323774.0,147.674,38.7,10.640999999999998,5.928999999999999,15308.712,0.7,261.899,9.74,1.9,48.4
CHN,Asia,China,2020-07-01,84785.0,5.0,18.857,4641.0,0.0,0.14300000000000002,58.906000000000006,0.003,0.013000000000000001,3.2239999999999998,0.0,0.0,81.94,1439323774.0,147.674,38.7,10.640999999999998,5.928999999999999,15308.712,0.7,261.899,9.74,1.9,48.4
CHN,Asia,China,2020-07-02,84816.0,31.0,20.429000000000002,4641.0,0.0,0.14300000000000002,58.928000000000004,0.022000000000000002,0.013999999999999999,3.2239999999999998,0.0,0.0,81.94,1439323774.0,147.674,38.7,10.640999999999998,5.928999999999999,15308.712,0.7,261.899,9.74,1.9,48.4
CHN,Asia,China,2020-07-03,84830.0,14.0,18.429000000000002,4641.0,0.0,0.0,58.937,0.01,0.013000000000000001,3.2239999999999998,0.0,0.0,81.94,1439323774.0,147.674,38.7,10.640999999999998,5.928999999999999,15308.712,0.7,261.899,9.74,1.9,48.4
CHN,Asia,China,2020-07-04,84839.0,9.0,16.285999999999998,4641.0,0.0,0.0,58.943999999999996,0.006,0.011000000000000001,3.2239999999999998,0.0,0.0,81.94,1439323774.0,147.674,38.7,10.640999999999998,5.928999999999999,15308.712,0.7,261.899,9.74,1.9,48.4
CHN,Asia,China,2020-07-05,84857.0,18.0,16.285999999999998,4641.0,0.0,0.0,58.956,0.013000000000000001,0.011000000000000001,3.2239999999999998,0.0,0.0,81.94,1439323774.0,147.674,38.7,10.640999999999998,5.928999999999999,15308.712,0.7,261.899,9.74,1.9,48.4
CHN,Asia,China,2020-07-06,84871.0,14.0,16.285999999999998,4641.0,0.0,0.0,58.966,0.01,0.011000000000000001,3.2239999999999998,0.0,0.0,81.94,1439323774.0,147.674,38.7,10.640999999999998,5.928999999999999,15308.712,0.7,261.899,9.74,1.9,48.4
CHN,Asia,China,2020-07-07,84896.0,25.0,16.570999999999998,4641.0,0.0,0.0,58.983000000000004,0.017,0.012,3.2239999999999998,0.0,0.0,81.94,1439323774.0,147.674,38.7,10.640999999999998,5.928999999999999,15308.712,0.7,261.899,9.74,1.9,48.4
CHN,Asia,China,2020-07-08,84917.0,21.0,18.857,4641.0,0.0,0.0,58.998000000000005,0.015,0.013000000000000001,3.2239999999999998,0.0,0.0,81.94,1439323774.0,147.674,38.7,10.640999999999998,5.928999999999999,15308.712,0.7,261.899,9.74,1.9,48.4
CHN,Asia,China,2020-07-09,84950.0,33.0,19.143,4641.0,0.0,0.0,59.021,0.023,0.013000000000000001,3.2239999999999998,0.0,0.0,81.94,1439323774.0,147.674,38.7,10.640999999999998,5.928999999999999,15308.712,0.7,261.899,9.74,1.9,48.4
CHN,Asia,China,2020-07-10,84996.0,46.0,23.714000000000002,4641.0,0.0,0.0,59.053000000000004,0.032,0.016,3.2239999999999998,0.0,0.0,81.94,1439323774.0,147.674,38.7,10.640999999999998,5.928999999999999,15308.712,0.7,261.899,9.74,1.9,48.4
CHN,Asia,China,2020-07-11,85036.0,40.0,28.143,4641.0,0.0,0.0,59.081,0.027999999999999997,0.02,3.2239999999999998,0.0,0.0,81.94,1439323774.0,147.674,38.7,10.640999999999998,5.928999999999999,15308.712,0.7,261.899,9.74,1.9,48.4
CHN,Asia,China,2020-07-12,85071.0,35.0,30.570999999999998,4641.0,0.0,0.0,59.105,0.024,0.021,3.2239999999999998,0.0,0.0,81.94,1439323774.0,147.674,38.7,10.640999999999998,5.928999999999999,15308.712,0.7,261.899,9.74,1.9,48.4
CHN,Asia,China,2020-07-13,85117.0,46.0,35.143,4641.0,0.0,0.0,59.137,0.032,0.024,3.2239999999999998,0.0,0.0,81.94,1439323774.0,147.674,38.7,10.640999999999998,5.928999999999999,15308.712,0.7,261.899,9.74,1.9,48.4
CHN,Asia,China,2020-07-14,85172.0,55.0,39.429,4642.0,1.0,0.14300000000000002,59.175,0.038,0.027000000000000003,3.225,0.001,0.0,81.94,1439323774.0,147.674,38.7,10.640999999999998,5.928999999999999,15308.712,0.7,261.899,9.74,1.9,48.4
CHN,Asia,China,2020-07-15,85226.0,54.0,44.143,4642.0,0.0,0.14300000000000002,59.213,0.038,0.031,3.225,0.0,0.0,81.94,1439323774.0,147.674,38.7,10.640999999999998,5.928999999999999,15308.712,0.7,261.899,9.74,1.9,48.4
CHN,Asia,China,2020-07-16,85246.0,20.0,42.286,4644.0,2.0,0.429,59.226000000000006,0.013999999999999999,0.028999999999999998,3.227,0.001,0.0,81.94,1439323774.0,147.674,38.7,10.640999999999998,5.928999999999999,15308.712,0.7,261.899,9.74,1.9,48.4
CHN,Asia,China,2020-07-17,85323.0,77.0,46.714,4644.0,0.0,0.429,59.28,0.053,0.032,3.227,0.0,0.0,81.94,1439323774.0,147.674,38.7,10.640999999999998,5.928999999999999,15308.712,0.7,261.899,9.74,1.9,48.4
CHN,Asia,China,2020-07-18,85403.0,80.0,52.428999999999995,4645.0,1.0,0.5710000000000001,59.336000000000006,0.055999999999999994,0.036000000000000004,3.227,0.001,0.0,81.94,1439323774.0,147.674,38.7,10.640999999999998,5.928999999999999,15308.712,0.7,261.899,9.74,1.9,48.4
CHN,Asia,China,2020-07-19,85483.0,80.0,58.857,4646.0,1.0,0.7140000000000001,59.391000000000005,0.055999999999999994,0.040999999999999995,3.228,0.001,0.0,81.94,1439323774.0,147.674,38.7,10.640999999999998,5.928999999999999,15308.712,0.7,261.899,9.74,1.9,48.4
CHN,Asia,China,2020-07-20,85613.0,130.0,70.857,4646.0,0.0,0.7140000000000001,59.481,0.09,0.049,3.228,0.0,0.0,81.94,1439323774.0,147.674,38.7,10.640999999999998,5.928999999999999,15308.712,0.7,261.899,9.74,1.9,48.4
CHN,Asia,China,2020-07-21,85697.0,84.0,75.0,4646.0,0.0,0.5710000000000001,59.54,0.057999999999999996,0.052000000000000005,3.228,0.0,0.0,81.94,1439323774.0,147.674,38.7,10.640999999999998,5.928999999999999,15308.712,0.7,261.899,9.74,1.9,48.4
CHN,Asia,China,2020-07-22,85771.0,74.0,77.857,4648.0,2.0,0.857,59.591,0.051,0.054000000000000006,3.2289999999999996,0.001,0.001,81.94,1439323774.0,147.674,38.7,10.640999999999998,5.928999999999999,15308.712,0.7,261.899,9.74,1.9,48.4
CHN,Asia,China,2020-07-23,85906.0,135.0,94.286,4648.0,0.0,0.5710000000000001,59.685,0.094,0.066,3.2289999999999996,0.0,0.0,81.94,1439323774.0,147.674,38.7,10.640999999999998,5.928999999999999,15308.712,0.7,261.899,9.74,1.9,48.4
CHN,Asia,China,2020-07-24,86045.0,139.0,103.14299999999999,4649.0,1.0,0.7140000000000001,59.782,0.09699999999999999,0.07200000000000001,3.23,0.001,0.0,81.94,1439323774.0,147.674,38.7,10.640999999999998,5.928999999999999,15308.712,0.7,261.899,9.74,1.9,48.4
CHN,Asia,China,2020-07-25,86202.0,157.0,114.14299999999999,4650.0,1.0,0.7140000000000001,59.891000000000005,0.109,0.079,3.2310000000000003,0.001,0.0,81.94,1439323774.0,147.674,38.7,10.640999999999998,5.928999999999999,15308.712,0.7,261.899,9.74,1.9,48.4
CHN,Asia,China,2020-07-26,86381.0,179.0,128.286,4652.0,2.0,0.857,60.015,0.124,0.08900000000000001,3.2319999999999998,0.001,0.001,81.94,1439323774.0,147.674,38.7,10.640999999999998,5.928999999999999,15308.712,0.7,261.899,9.74,1.9,48.4
CHN,Asia,China,2020-07-27,86570.0,189.0,136.714,4652.0,0.0,0.857,60.146,0.131,0.095,3.2319999999999998,0.0,0.001,81.94,1439323774.0,147.674,38.7,10.640999999999998,5.928999999999999,15308.712,0.7,261.899,9.74,1.9,48.4
CHN,Asia,China,2020-07-28,86783.0,213.0,155.143,4656.0,4.0,1.429,60.294,0.14800000000000002,0.10800000000000001,3.235,0.003,0.001,81.94,1439323774.0,147.674,38.7,10.640999999999998,5.928999999999999,15308.712,0.7,261.899,9.74,1.9,48.4
CHN,Asia,China,2020-07-29,86990.0,207.0,174.143,4657.0,1.0,1.286,60.438,0.14400000000000002,0.121,3.236,0.001,0.001,81.94,1439323774.0,147.674,38.7,10.640999999999998,5.928999999999999,15308.712,0.7,261.899,9.74,1.9,48.4
CHN,Asia,China,2020-07-30,87213.0,223.0,186.71400000000003,4659.0,2.0,1.571,60.593,0.155,0.13,3.237,0.001,0.001,81.94,1439323774.0,147.674,38.7,10.640999999999998,5.928999999999999,15308.712,0.7,261.899,9.74,1.9,48.4
CHN,Asia,China,2020-07-31,87489.0,276.0,206.28599999999997,4659.0,0.0,1.429,60.785,0.192,0.14300000000000002,3.237,0.0,0.001,81.94,1439323774.0,147.674,38.7,10.640999999999998,5.928999999999999,15308.712,0.7,261.899,9.74,1.9,48.4
CHN,Asia,China,2020-08-01,87655.0,166.0,207.571,4661.0,2.0,1.571,60.9,0.115,0.14400000000000002,3.238,0.001,0.001,81.94,1439323774.0,147.674,38.7,10.640999999999998,5.928999999999999,15308.712,0.7,261.899,9.74,1.9,48.4
CHN,Asia,China,2020-08-02,87827.0,172.0,206.571,4667.0,6.0,2.1430000000000002,61.02,0.12,0.14400000000000002,3.242,0.004,0.001,81.94,1439323774.0,147.674,38.7,10.640999999999998,5.928999999999999,15308.712,0.7,261.899,9.74,1.9,48.4
CHN,Asia,China,2020-08-03,87985.0,158.0,202.143,4669.0,2.0,2.4290000000000003,61.129,0.11,0.14,3.2439999999999998,0.001,0.002,81.94,1439323774.0,147.674,38.7,10.640999999999998,5.928999999999999,15308.712,0.7,261.899,9.74,1.9,48.4
CHN,Asia,China,2020-08-04,88099.0,114.0,188.0,4672.0,3.0,2.286,61.208999999999996,0.079,0.131,3.2460000000000004,0.002,0.002,81.94,1439323774.0,147.674,38.7,10.640999999999998,5.928999999999999,15308.712,0.7,261.899,9.74,1.9,48.4
CHN,Asia,China,2020-08-05,88206.0,107.0,173.71400000000003,4676.0,4.0,2.714,61.283,0.07400000000000001,0.121,3.2489999999999997,0.003,0.002,81.94,1439323774.0,147.674,38.7,10.640999999999998,5.928999999999999,15308.712,0.7,261.899,9.74,1.9,48.4
CHN,Asia,China,2020-08-06,88328.0,122.0,159.286,4677.0,1.0,2.571,61.368,0.085,0.111,3.2489999999999997,0.001,0.002,81.94,1439323774.0,147.674,38.7,10.640999999999998,5.928999999999999,15308.712,0.7,261.899,9.74,1.9,48.4
CHN,Asia,China,2020-08-07,88460.0,132.0,138.714,4680.0,3.0,3.0,61.458999999999996,0.092,0.096,3.252,0.002,0.002,81.94,1439323774.0,147.674,38.7,10.640999999999998,5.928999999999999,15308.712,0.7,261.899,9.74,1.9,48.4
CHN,Asia,China,2020-08-08,88580.0,120.0,132.143,4681.0,1.0,2.8569999999999998,61.543,0.083,0.092,3.252,0.001,0.002,81.94,1439323774.0,147.674,38.7,10.640999999999998,5.928999999999999,15308.712,0.7,261.899,9.74,1.9,48.4
CHN,Asia,China,2020-08-09,88672.0,92.0,120.714,4681.0,0.0,2.0,61.607,0.064,0.084,3.252,0.0,0.001,81.94,1439323774.0,147.674,38.7,10.640999999999998,5.928999999999999,15308.712,0.7,261.899,9.74,1.9,48.4
CHN,Asia,China,2020-08-10,88793.0,121.0,115.429,4686.0,5.0,2.4290000000000003,61.691,0.084,0.08,3.2560000000000002,0.003,0.002,81.94,1439323774.0,147.674,38.7,10.640999999999998,5.928999999999999,15308.712,0.7,261.899,9.74,1.9,48.4
CHN,Asia,China,2020-08-11,88906.0,113.0,115.286,4690.0,4.0,2.571,61.769,0.079,0.08,3.258,0.003,0.002,81.94,1439323774.0,147.674,38.7,10.640999999999998,5.928999999999999,15308.712,0.7,261.899,9.74,1.9,48.4
CHN,Asia,China,2020-08-12,88964.0,58.0,108.286,4693.0,3.0,2.4290000000000003,61.81,0.04,0.075,3.261,0.002,0.002,81.94,1439323774.0,147.674,38.7,10.640999999999998,5.928999999999999,15308.712,0.7,261.899,9.74,1.9,48.4
CHN,Asia,China,2020-08-13,89045.0,81.0,102.429,4697.0,4.0,2.8569999999999998,61.86600000000001,0.055999999999999994,0.071,3.263,0.003,0.002,81.94,1439323774.0,147.674,38.7,10.640999999999998,5.928999999999999,15308.712,0.7,261.899,9.74,1.9,48.4
CHN,Asia,China,2020-08-14,89144.0,99.0,97.714,4700.0,3.0,2.8569999999999998,61.935,0.069,0.068,3.265,0.002,0.002,81.94,1439323774.0,147.674,38.7,10.640999999999998,5.928999999999999,15308.712,0.7,261.899,9.74,1.9,48.4
CHN,Asia,China,2020-08-15,89214.0,70.0,90.571,4701.0,1.0,2.8569999999999998,61.983000000000004,0.049,0.063,3.266,0.001,0.002,81.94,1439323774.0,147.674,38.7,10.640999999999998,5.928999999999999,15308.712,0.7,261.899,9.74,1.9,48.4
CHN,Asia,China,2020-08-16,89279.0,65.0,86.714,4703.0,2.0,3.1430000000000002,62.028,0.045,0.06,3.2680000000000002,0.001,0.002,81.94,1439323774.0,147.674,38.7,10.640999999999998,5.928999999999999,15308.712,0.7,261.899,9.74,1.9,48.4
CHN,Asia,China,2020-08-17,89375.0,96.0,83.14299999999999,4703.0,0.0,2.4290000000000003,62.095,0.067,0.057999999999999996,3.2680000000000002,0.0,0.002,81.94,1439323774.0,147.674,38.7,10.640999999999998,5.928999999999999,15308.712,0.7,261.899,9.74,1.9,48.4
CHN,Asia,China,2020-08-18,89441.0,66.0,76.429,4703.0,0.0,1.857,62.141000000000005,0.046,0.053,3.2680000000000002,0.0,0.001,79.17,1439323774.0,147.674,38.7,10.640999999999998,5.928999999999999,15308.712,0.7,261.899,9.74,1.9,48.4
CHN,Asia,China,2020-08-19,89494.0,53.0,75.714,4705.0,2.0,1.714,62.178000000000004,0.037000000000000005,0.053,3.2689999999999997,0.001,0.001,79.17,1439323774.0,147.674,38.7,10.640999999999998,5.928999999999999,15308.712,0.7,261.899,9.74,1.9,48.4
CHN,Asia,China,2020-08-20,89527.0,33.0,68.857,4706.0,1.0,1.286,62.201,0.023,0.048,3.27,0.001,0.001,79.17,1439323774.0,147.674,38.7,10.640999999999998,5.928999999999999,15308.712,0.7,261.899,9.74,1.9,48.4
CHN,Asia,China,2020-08-21,89567.0,40.0,60.428999999999995,4709.0,3.0,1.286,62.229,0.027999999999999997,0.042,3.272,0.002,0.001,79.17,1439323774.0,147.674,38.7,10.640999999999998,5.928999999999999,15308.712,0.7,261.899,9.74,1.9,48.4
CHN,Asia,China,2020-08-22,89616.0,49.0,57.428999999999995,4711.0,2.0,1.429,62.263000000000005,0.034,0.04,3.273,0.001,0.001,79.17,1439323774.0,147.674,38.7,10.640999999999998,5.928999999999999,15308.712,0.7,261.899,9.74,1.9,48.4
CHN,Asia,China,2020-08-23,89654.0,38.0,53.571000000000005,4711.0,0.0,1.143,62.288999999999994,0.026000000000000002,0.037000000000000005,3.273,0.0,0.001,79.17,1439323774.0,147.674,38.7,10.640999999999998,5.928999999999999,15308.712,0.7,261.899,9.74,1.9,48.4
CHN,Asia,China,2020-08-24,89695.0,41.0,45.714,4711.0,0.0,1.143,62.317,0.027999999999999997,0.032,3.273,0.0,0.001,79.17,1439323774.0,147.674,38.7,10.640999999999998,5.928999999999999,15308.712,0.7,261.899,9.74,1.9,48.4
CHN,Asia,China,2020-08-25,89718.0,23.0,39.571,4711.0,0.0,1.143,62.333,0.016,0.027000000000000003,3.273,0.0,0.001,79.17,1439323774.0,147.674,38.7,10.640999999999998,5.928999999999999,15308.712,0.7,261.899,9.74,1.9,48.4
CHN,Asia,China,2020-08-26,89752.0,34.0,36.857,4712.0,1.0,1.0,62.357,0.024,0.026000000000000002,3.2739999999999996,0.001,0.001,79.17,1439323774.0,147.674,38.7,10.640999999999998,5.928999999999999,15308.712,0.7,261.899,9.74,1.9,48.4
